Item Name,Item Variation,SKU,GTIN,Unit,Unit cost,Expected,Actual,Variance (count),Variance (cost),Counters
Tahiti Cargo Pants,"washed olive, Large",3522610,,,6200,1,1,0,0,Patricia Guelli
Tahiti Cargo Pants,"washed olive, Small",315870K,,,6200,1,1,0,0,Patricia Guelli
Tahiti Cargo Pants,"washed olive, Extra small",6541969,,,6200,1,1,0,0,Patricia GuelliBASIC KNIT BEANIE,ASSORTED O/S,11160,,,750,0,4,4,3000,Patricia Guelli
Evil Eye Seed Bead Rhinestone Striped Cap,Black,657767H,,,650,1,1,0,0,Patricia Guelli
Greek Scarves Wrap Fedora Straw Hat,BLACK,5412535,,,750,1,1,0,0,Patricia Guelli
Sequin Letter LET THE SUN SHINE Floppy Hat,BEIGE,8731567,,,1000,2,1,-1,-1000,Patricia Guelli
Studded Skull Vegan Leather Punk Purse,"BLACK, N/A",L615110,,,3400,0,1,1,3400,Patricia Guelli
Assorted Sale,"N/A, MULTI",592899F,,,1250,0,2,2,2500,Nicole Galella
Lace Halter Bralette,"White, S/M",374610B,,,650,3,2,-1,-650,Nicole Galella
No Show Plunge Bralette,"M/L, heart haze",6952020,,,1400,0,2,2,2800,Nicole Galella
Essential Longline Bralette,BLACK L,14000,,,1700,1,1,0,0,Nicole Galella
Evil Eye Sherpa Slides,"Evil Eye, Extra Large",103923B,,,1237,2,1,-1,-1237,Nicole Galella
Geometric Pattern Straw Fedora,BEIGE,Q453568,,,700,-1,1,2,1400,Nicole Galella
Lace Halter Bralette,"Black, S/M",X851830,,,650,3,1,-2,-1300,Nicole Galella
No Show Plunge Bralette,"XS/S, heart haze",292106R,,,1400,0,1,1,1400,Nicole Galella
Skinny Strap Cropped Cami,"BLACK, ONE SIZE",8725203,,,700,4,1,-3,-2100,Nicole Galella
Evil Eye Straw Beach Bag,"N/A, natural",621977N,,,1304,0,1,1,1304,Patricia Guelli
turkish beaded necklaces,N/A,3676986,,,1100,20,20,0,0,Tina Setia
GOLD CHUNKY RINGS,ASSORT O/S,13108,,,1300,60,50,-10,-13000,Tina Setia
TURKISH NECKLACES,RODIUM O/S,13116,,,2400,16,25,9,21600,Tina Setia
NATURAL STONE RINGS,ASSORT 0,13107,,,750,17,16,-1,-750,Tina Setia
TURKISH EARRINGS,RODIUM O/S,13115,,,1400,27,29,2,2800,Brianna Buckley
turkish beaded anklets,N/A,7018441,,,900,21,21,0,0,Tina Setia
VVT Bling Tees,Assorted,1812038,,,2700,15,17,2,5400,"Patricia Guelli,Brianna Buckley"
Beaded Turkish Bracelets,gold,V782958,,,1100,30,15,-15,-16500,Brianna Buckley
Extra long cami,"ONE SIZE, grey",2002915,,,500,12,10,-2,-1000,"Nicole Galella,Brianna Buckley"
ooak chain back tops,Assorted,T371940,,,3900,7,9,2,7800,"Patricia Guelli,Brianna Buckley"
Bandeau,"Assorted, ONE SIZE",4908793,,,250,6,6,0,0,Nicole Galella
Beaded & Braided OOAK Tops,As Shown,741473Z,,,3900,6,6,0,0,"Patricia Guelli,Brianna Buckley"
Blinged Out 70's Raglans,"Assorted, MULTI",964924A,,,3000,7,6,-1,-3000,Patricia Guelli
MOTHERFUCKING GIRL POWER W-CREW SOCKS,N/A,Y928627,,,575,6,6,0,0,Brianna Buckley
Short Length Camisole,"ONE SIZE, Black",712369M,,,650,6,6,0,0,Nicole Galella
The Rant Band Tee,"BLACK, Large",7878677,,,1600,6,6,0,0,Nicole Galella
upcycled bling tees,Assorted,K375927,,,3100,7,6,-1,-3100,Patricia Guelli
HERE COMES COOL MOM W-CREW SOCKS,N/A,3714298,,,575,5,5,0,0,Brianna Buckley
I SHALL SUPPORT YOU LIKE AN UNDERWIRE BRA CREW SOCKS,N/A,394470Z,,,575,5,5,0,0,Brianna Buckley
Rib Cut Out Side Rouching Top,"White, XS/S",201866W,,,1000,5,5,0,0,Nicole Galella
I DIG DIRT W-CREW SOCKS,N/A,Z690775,,,575,4,4,0,0,Brianna Buckley
I NEVER FART W-CREW SOCKS,ONE SIZE,A345407,,,575,4,4,0,0,Brianna Buckley
I'M A DELICATE FUCKING FLOWER W-CREW SOCKS,N/A,677528M,,,575,4,4,0,0,Brianna Buckley
Organic Scented Mist,jasmine beach,S945686,,,1700,4,4,0,0,Brianna Buckley
Ribbed Triangle Bralette,"ONE SIZE, BLACK",821032A,,,850,3,4,1,850,Nicole Galella
Rutgers 1/2 1/2 Flannels,N/A,431723S,,,3900,5,4,-1,-3900,Patricia Guelli
Serious Hat,"ONE SIZE, grey stone",698072V,,,2250,4,4,0,0,"Brianna Buckley,Nicole Galella"
Skinni Belt,BLACK S,10268,,,800,5,4,-1,-800,Brianna Buckley
Basic Regular Cami,BLACK O/S,10259,,,700,2,3,1,700,Nicole Galella
BREAST LIFT SHAPE PASTIES,N/A O/S,12627,,,400,3,3,0,0,Brianna Buckley
Clean lines cami,"White, XS/S",D068417,,,1442,4,3,-1,-1442,"Brianna Buckley,Nicole Galella"
COOL-ASS GRANDPA M-CREW SOCKS,N/A,N745809,,,675,3,3,0,0,Brianna Buckley
Corset Cropped tank top,"brown, S/M",E250957,,,995,3,3,0,0,Nicole Galella
Corset Top,"Medium, Black",546057J,,,1175,2,3,1,1175,Tina Setia
Denim Smiley twill shirting,"Black, Medium",1509523,,,2850,3,3,0,0,Brianna Buckley
Fleece Blazer with Rhinestones,"Black, Small",X970998,,,4000,3,3,0,0,"Brianna Buckley,Nicole Galella"
Fleece Crewneck with Twill Tape,"Black/ Grey, Small",Y148472,,,2100,3,3,0,0,Nicole Galella
Fleece Jogger with Rhinestones,"Black, Small",R319597,,,2400,3,3,0,0,"Brianna Buckley,Nicole Galella"
Fleece Jogger with Twill Tape,"Black/ Grey, Small",4888019,,,2000,3,3,0,0,Nicole Galella
Gold Studs Jogger,"Black, Small",Q282910,,,2300,3,3,0,0,Nicole Galella
Gold Studs Shacket,"Black, Small",519632S,,,2700,3,3,0,0,Nicole Galella
Green Camo Tencel cargo pants,"Small, camo",K233299,,,3000,3,3,0,0,Brianna Buckley
Happy Face Sweater,"HEATHER GREY, Small",124140T,,,2650,3,3,0,0,Brianna Buckley
Have It All Long-Sleeve,"XS/S, ivory",T651260,,,2600,3,3,0,0,Nicole Galella
Lace Halter Bralette,"Black, S/M",X851830,,,650,3,3,0,0,Nicole Galella
Metallic Skinny Pants,"Black, 3",895923R,,,2200,3,3,0,0,"Brianna Buckley,Nicole Galella"
MY DOG IS COOL AS FUCK W-CREW SOCKS,ONE SIZE,900055E,,,575,3,3,0,0,Brianna Buckley
Organic Scented Mist,bergamot beach,6273077,,,1700,4,3,-1,-1700,Brianna Buckley
Patchwork Color Block Super Flare,"denim blue, 27",2556027,,,2775,3,3,0,0,Tina Setia
Plunge V Neck Crop Top,"ONE SIZE, Ink Blue",818764T,,,850,3,3,0,0,"Nicole Galella,Brianna Buckley"
Rib Cut Out Side Rouching Top,"navy, XS/S",949973M,,,1000,3,3,0,0,Nicole Galella
Silicone adhesive nipple cover,ONE SIZE,4198419,,,175,11,3,-8,-1400,Nicole Galella
Silicone Breast Lift Pasties,ONE SIZE,Y530238,,,525,5,3,-2,-1050,Brianna Buckley
Silicone Breast Lift Pasties  PLUS-BS3009,ONE SIZE,1149461,,,600,3,3,0,0,Brianna Buckley
SILVER SEQUIN ROCK START STAR SEQUIN SWEATER,"Black, M/L",6217780,,,2950,3,3,0,0,Nicole Galella
SILVER SEQUIN ROCK START STAR SEQUIN SWEATER,"Black, S/M",8611541,,,2950,3,3,0,0,Nicole Galella
Skinni Belt,BLACK M,10269,,,800,1,3,2,1600,Brianna Buckley
Stella Contrast stitching sweater,"pink, Small",E927419,,,2016,3,3,0,0,Nicole Galella
Vintage V Neck Crop Top,"Chocolate, ONE SIZE",B340858,,,1150,2,3,1,1150,Nicole Galella
VVT CAMO124,CAMO O/S,13674,,,6200,0,3,3,18600,Patricia Guelli
VVTDENIM124 Vintage Denim Patch Jacket,Assorted,C870182,,,6200,2,3,1,6200,Patricia Guelli
VVVTCAMO148,ASSORT O/S,12967,,,7400,4,3,-1,-7400,Patricia Guelli
Wesley Thermal Top,"BLUE MOON, Small",596288F,,,3500,3,3,0,0,Brianna Buckley
"""GUCCI"" MEDIUM BAG",ASSORT O/S,C10157,,,3100,1,2,1,3100,Brianna Buckley
"""Weekend"" Jaquard Tunic Sweater","BLUE, Medium",440683L,,,2400,2,2,0,0,Nicole Galella
"""Weekend"" Jaquard Tunic Sweater","BLUE, Small",678590E,,,2400,2,2,0,0,Nicole Galella
3/4 Sleeve batwing blouse,"Hot Magenta, Small",A324788,,,1525,2,2,0,0,Brianna Buckley
Anakin Thermal Top,"BLACK, Extra small",Z539194,,,3100,2,2,0,0,Brianna Buckley
Art Vegan Cross Body Bag,ONE SIZE,161406R,,,7200,2,2,0,0,Brianna Buckley
Assorted Vintage Band Tees,As Shown,G736195,,,100,0,2,2,200,Brianna Buckley
Aztec Wide Leg Flare Pant,"black/purple/mauve, Medium",Q494754,,,1325,2,2,0,0,Brianna Buckley
Aztec Wide Leg Flare Pant,"navy/stone, Small",F497740,,,1325,3,2,-1,-1325,Brianna Buckley
Aztec Wide Leg Flare Pant,"gray/rust, Small",5078691,,,1325,2,2,0,0,Brianna Buckley
Basic Regular Cami,CHARCOAL O/S,10261,,,700,5,2,-3,-2100,Brianna Buckley
Basic Regular Cami,IVORY O/S,11570,,,700,1,2,1,700,Nicole Galella
Basic Regular Cami,STONE O/S,12751,,,700,0,2,2,1400,Nicole Galella
Basic x Long Cami,"ivory, ONE SIZE",1842,,,650,2,2,0,0,Nicole Galella
Beatles We All Live Vintage Tee,"White, Large",G285090,,,1900,2,2,0,0,Nicole Galella
Betty's Garden Top,"Black, Small",9058636,,,3100,2,2,0,0,Brianna Buckley
Black & Multicolor Heavy Surfwash Fleece Crewneck w/ Graffiti,"Black, Medium",K640218,,,2500,1,2,1,2500,Nicole Galella
Black & Multicolor Heavy Surfwash Fleece Crewneck w/ Graffiti,"Black, Small",Y909016,,,2500,2,2,0,0,Nicole Galella
"BLACK W/ HOT PINK ""LOVE"" JACQUARD SWEATER FLARE PANTSBlack w/ Hot Pink ""Love"" Jacquard Sweater Flare Pants","Small, Black",X898634,,,2550,2,2,0,0,Brianna Buckley
"Black w/ Hot Pink ""Love"" Jacquard Sweater Hoodie","Black, Small",190891S,,,2700,2,2,0,0,Brianna Buckley
Bling Game Day Tops,Assorted,J911167,,,3100,2,2,0,0,Patricia Guelli
Blinged Out Upcycled Fleece & Flannels,MULTI,Z017999,,,4400,3,2,-1,-4400,Patricia Guelli
Blondie Bling Rock Tee,"Black, Medium",Y806790,,,3900,3,2,-1,-3900,Patricia Guelli
Bow Bodysuit,"Large, Black/White",391080L,,,1424,2,2,0,0,Nicole Galella
Boxy Crop Top,"BLUE, Medium",T137865,,,329,2,2,0,0,Tina Setia
Boxy Crop Top,"BLUE, Large",Y506903,,,329,2,2,0,0,Tina Setia
Brexley Bodysuit,"Black, Medium",1235250,,,2200,2,2,0,0,Brianna Buckley
Burlap Vegan Crossbody bag,ONE SIZE,765999J,,,6600,2,2,0,0,Brianna Buckley
Burlap Vegan Tote Bag,ONE SIZE,766628N,,,6200,2,2,0,0,Brianna Buckley
Care FP Serenade Tee,"Springdust, Extra small",W640847,,,4400,2,2,0,0,Brianna Buckley
Chelsea Merrill Stevie Nicks Prayer Candle,ONE SIZE,H764840,,,1160,2,2,0,0,Nicole Galella
Collar band blouse,"BLUE, Large",S845472,,,1475,2,2,0,0,Brianna Buckley
Collar band blouse,"BLUE, Small",W354799,,,1475,2,2,0,0,Brianna Buckley
Contrast rib slub tank,"White, Large",586006N,,,1450,2,2,0,0,Nicole Galella
Crop Muscle Tank Top,"WHITE, Medium",1784292,,,309,2,2,0,0,Tina Setia
Cropped Heart Tee,"Large, heather grey",9737467,,,1400,2,2,0,0,Brianna Buckley
Cropped Heart Tee,"Medium, heather grey",212577N,,,1400,2,2,0,0,Brianna Buckley
Crystal Skull Chanel Print Button Down,"As Shown, S/M",8736798,,,6000,2,2,0,0,"Brianna Buckley,Nicole Galella"
Crystal Slub Knit Cardigan,"beige, Medium",243931L,,,2759,2,2,0,0,Brianna Buckley
Crystal Slub Knit Cardigan,"beige, Small",580438A,,,2759,2,2,0,0,Brianna Buckley
Crystal Slub Knit Cardigan,"beige, Large",4001126,,,2759,2,2,0,0,Brianna Buckley
Crystal Stevie Nicks Sunshine Boyfriend Blazer,"tan, Large",R655573,,,3709,2,2,0,0,Brianna Buckley
Crystal Stevie Nicks Sunshine Boyfriend Blazer,"tan, Medium",C892800,,,3709,2,2,0,0,Brianna Buckley
Crystal Stevie Nicks Sunshine Boyfriend Blazer,"tan, Small",554996C,,,3709,2,2,0,0,Brianna Buckley
DIAGONAL RUFFLE FRONT ADJUSTABLE STRAP SILKY CAMI,"Small, Black",A455933,,,2450,2,2,0,0,Nicole Galella
DIAGONAL RUFFLE FRONT ADJUSTABLE STRAP SILKY CAMI,"Medium, Black",7027423,,,2450,2,2,0,0,Nicole Galella
DIAGONAL RUFFLE FRONT ADJUSTABLE STRAP SILKY CAMI,"Large, Black",M502527,,,2450,2,2,0,0,Nicole Galella
DON'T MAKE MOMMY BE A BITCH W-CREW SOCKS,N/A,M708261,,,575,2,2,0,0,Brianna Buckley
Double Ruffle sleeve blouse,"Hot Magenta, Large",9926341,,,1600,2,2,0,0,"Nicole Galella,Brianna Buckley"
Double Ruffle sleeve blouse,"Hot Magenta, Medium",Q330423,,,1600,2,2,0,0,Nicole Galella
Dream Hat,"ONE SIZE, beige",D144139,,,2100,3,2,-1,-2100,Brianna Buckley
Elephant Print Leggings,BLACK/WHITE O/S,13491,,,350,2,2,0,0,Tina Setia
Everyday Lace Bodysuit,"Black, Small",8270877,,,2600,1,2,1,2600,Nicole Galella
Evil Eye Sherpa Slides,"Evil Eye, Small",773394N,,,1237,2,2,0,0,Nicole Galella
Evil Eye Sherpa Slides,"Evil Eye, Extra Large",103923B,,,1237,2,2,0,0,Nicole Galella
Eye-O-Eye Embroidered Top,"Large, White",864185V,,,2400,2,2,0,0,Brianna Buckley
Fleece Crewneck with Twill Tape,"Black/ Grey, Medium",C085927,,,2100,2,2,0,0,Nicole Galella
Fleece Jogger with Rhinestones,"Black, Medium",482718W,,,2400,2,2,0,0,Brianna Buckley
Fleece Jogger with Twill Tape,"Black/ Grey, Medium",5679072,,,2000,2,2,0,0,Nicole Galella
Float On Flare,"27, army green",E942780,,,3500,2,2,0,0,Nicole Galella
Floral Print Maxi Dress,"Black, Small",Y053464,,,780,2,2,0,0,Nicole Galella
FP One Colt Thermal,"army green, Small",834298R,,,3100,2,2,0,0,Brianna Buckley
FUCK THIS SHIT W-CREW SOCKS,N/A,7726615,,,575,3,2,-1,-575,Brianna Buckley
Full Bloom Layering Top,"Extra small, oh bloom",S624708,,,2200,1,2,1,2200,Brianna Buckley
Full Bloom Layering Top,"Small, oh bloom",Z953655,,,2200,2,2,0,0,Brianna Buckley
GLITTER TRIPLE LAYERED MASK,BLACK O/S,10776,,,750,1,2,1,750,Nicole Galella
Gold Studs Jogger,"Black, Medium",J725928,,,2300,2,2,0,0,Nicole Galella
Gold Studs Shacket,"Black, Medium",2597183,,,2700,2,2,0,0,Nicole Galella
Grand Hat,ONE SIZE,6764714,,,2100,3,2,-1,-2100,Brianna Buckley
Green Camo Tencel cargo pants,"Medium, camo",P800527,,,3000,2,2,0,0,Brianna Buckley
HERE COMES COOL DAD M-CREW SOCKS,N/A,7133665,,,675,2,2,0,0,Brianna Buckley
Hot Shot Onesie,"pink, Extra small",V693239,,,3500,2,2,0,0,Brianna Buckley
Incredible Hat,ONE SIZE,K067025,,,2300,3,2,-1,-2300,Brianna Buckley
Keep it Simple Mesh Baby Tee,"Blue Combo, Small",209347A,,,1800,2,2,0,0,Nicole Galella
Lace Halter Bralette,"Black, M/L",226846G,,,650,3,2,-1,-650,Nicole Galella
Lady Lux Printed Layering Top,"Midnight Combo, Small",955587H,,,2200,2,2,0,0,Brianna Buckley
Lingerie Tape,CLEAR O/S,12625,,,300,-4,2,6,1800,Brianna Buckley
Lotus Jeans,"Smoke Show, 27",8609661,,,5800,2,2,0,0,Nicole Galella
Lotus Tie-Dye Jeans,"gold, 28",337585W,,,6700,2,2,0,0,Nicole Galella
LV Rainbow Print Button Down,"rainbow, M/L",959992L,,,3500,2,2,0,0,Brianna Buckley
LV Rainbow Print Button Down,"rainbow, XS/S",V224942,,,3500,2,2,0,0,Brianna Buckley
Mesmerize Me Solid Pants,"salt, Small",T952567,,,5200,2,2,0,0,Nicole Galella
Metallic Skinny Pants,"Black, 5",572951T,,,2200,2,2,0,0,Nicole Galella
Mid Rise Distressed Hem Crop Skinny,"Medium Wash, 28",199858W,,,2150,2,2,0,0,Tina Setia
Mid Rise Raw Hem Crop Skinny,"dark wash, 27",949272H,,,2175,2,2,0,0,Tina Setia
Mid Rise Raw Hem Crop Skinny,"dark wash, 25",3037906,,,2175,2,2,0,0,Tina Setia
Mid Rise Skinny,"Black, 28",N175524,,,1850,2,2,0,0,Tina Setia
Mid Rise Skinny,"Black, 26",A611119,,,1850,2,2,0,0,Tina Setia
Mmkay Smls Tank,WHITE XS/S,13991,,,1400,1,2,1,1400,Brianna Buckley
Night Rhythm Corset Bodysuit,"Extra small, BLACK",468454E,,,2200,2,2,0,0,Nicole Galella
No Show Plunge Bralette,"XS/S, Dried Pine",W663126,,,1400,2,2,0,0,Brianna Buckley
No Show Plunge Bralette,"M/L, Dried Pine",6149474,,,1400,2,2,0,0,Brianna Buckley
No Show Plunge Bralette,"Black, XS/S",593372X,,,1400,5,2,-3,-4200,Brianna Buckley
On The Dot Layering Top,"Small, BLACK",V575811,,,1800,1,2,1,1800,Brianna Buckley
Out For The Night,"Hot Combo, Extra small",8128810,,,4400,2,2,0,0,Nicole Galella
Oversized S/S Tee,"White, Medium",A978557,,,409,2,2,0,0,Tina Setia
Power mesh lined Top,"Black, Small",808632N,,,1575,2,2,0,0,Nicole Galella
Printed Woven Jumpsuit,"MULTI, Large",K868688,,,3075,2,2,0,0,Nicole Galella
Puff Sleeve 3D Crochet Fabric Mini Dress,"White, Medium",916384K,,,3500,2,2,0,0,Nicole Galella
Puff Sleeve 3D Crochet Fabric Mini Dress,"Black, Medium",6886397,,,3500,2,2,0,0,Nicole Galella
Retired 70's Pornstar Retro T-Shirt,"Small, mauve",6981961,,,1400,1,2,1,1400,Patricia Guelli
Reworked/Upcycled Novelty Tees,"Assorted, ONE SIZE",531448E,,,2600,21,2,-19,-49400,Patricia Guelli
Rib Contrast Satin Jacket with Waist Drawstring,"Black, Large",5668259,,,2100,0,2,2,4200,Brianna Buckley
Rib Contrast Satin Jacket with Waist Drawstring,"Black, Medium",T470824,,,2100,2,2,0,0,Brianna Buckley
Rib Contrast Satin Jacket with Waist Drawstring,"Black, Small",G824985,,,2100,0,2,2,4200,Brianna Buckley
Ribbed Lace Up Sleeveless Top,"Black, Small",167460B,,,445,2,2,0,0,Tina Setia
Ribbed Lace Up Sleeveless Top,"Black, Medium",D460712,,,445,2,2,0,0,Tina Setia
Rolling Stones Bling Tee,"Black, Small",4687585,,,3900,2,2,0,0,Brianna Buckley
ROUND NECK LONG SLEEVE BASIC TOP,"Medium, BLACK",9670854,,,450,2,2,0,0,Nicole Galella
ROUND NECK LONG SLEEVE BASIC TOP,"Small, BLACK",W614953,,,450,2,2,0,0,Nicole Galella
ROUND NECK LONG SLEEVE BASIC TOP,"Large, BLACK",Y038675,,,450,2,2,0,0,Nicole Galella
ROUND NECK LONG SLEEVE BASIC TOP,"Small, WHITE",435435B,,,450,2,2,0,0,Nicole Galella
Rutgers Bling Tees,N/A,789150L,,,2700,2,2,0,0,Patricia Guelli
Rutgers Chain Back Halter Top,N/A,W469982,,,3400,4,2,-2,-6800,Patricia Guelli
Satin Button Down Shirt,"White, Small",3972169,,,804,2,2,0,0,Nicole Galella
Satin Button Down Shirt,"White, Medium",3007478,,,804,2,2,0,0,Nicole Galella
Saturn Tee,"Tofu, Extra small",Q935617,,,2600,2,2,0,0,Brianna Buckley
Seamless Strappy Bralette,ONE SIZE,4974162,,,350,2,2,0,0,Nicole Galella
SHAPERX Short Sleeve Bodysuit Crew Neck Thong Body Shape,"black, Small",243045J,,,1799,2,2,0,0,Brianna Buckley
Sherpa Lined French Terry Zip Up Vest,"heather grey, Large",A488797,,,704,2,2,0,0,Brianna Buckley
Shirred Gathered Detail satin tank,"Black, Small",7807633,,,1275,2,2,0,0,Nicole Galella
Shirred Gathered Detail satin tank,"Black, Medium",745426K,,,1275,2,2,0,0,Nicole Galella
Short Sleeve ruched double layered dress,"Medium, black",428937N,,,1950,2,2,0,0,Brianna Buckley
Silicone adhesive bra,C,170959A,,,550,2,2,0,0,Brianna Buckley
Silicone Free Bra,NUDE D,10500,,,493,2,2,0,0,Brianna Buckley
Skinni Belt,DENIM BLUE M,10272,,,800,1,2,1,800,Brianna Buckley
Skinni Belt,DENIM BLUE L,10273,,,800,2,2,0,0,Brianna Buckley
Skinni Belt,WHITE S,12125,,,800,2,2,0,0,Brianna Buckley
Solid Crepe Bow-Front Cropped Cami Top,"Hot Magenta, Medium",8729234,,,1825,2,2,0,0,Brianna Buckley
Star Studded Side Trim Crinkle Pant,"White, Medium",710651M,,,3175,2,2,0,0,Brianna Buckley
Stealie Face Bling Tee,"Black, Medium",8914342,,,3900,2,2,0,0,Brianna Buckley
Stealie Face Bling Tee,"Black, Small",K544094,,,3900,2,2,0,0,Brianna Buckley
Stevie Nicks Altar Candle,N/A,Q009021,,,1095,2,2,0,0,Nicole Galella
Stevie Nicks Bling Tee,"Black, Medium",T397312,,,3900,2,2,0,0,Brianna Buckley
Support Live Music,"Unisex, Medium, BLACK",D055749,,,2600,2,2,0,0,Nicole Galella
Sweet And Salty Tee,"Black, Small",665982K,,,2200,2,2,0,0,Nicole Galella
Tie Front Kimono Cardigan,"BLACK, Medium",G795813,,,1450,2,2,0,0,Nicole Galella
Two-Fer Layered Jacket,"Heather Grey/Olive, Small",7896677,,,5000,2,2,0,0,Nicole Galella
Two-Fer Layered Jacket,"Heather Grey/Olive, Medium",F646865,,,5000,2,2,0,0,Nicole Galella
V Neckline Satin Top with Self Bands Sleeves,"Teal, Small",3571116,,,1525,0,2,2,3050,Brianna Buckley
Vinyl Leggings,"Black, Small",553612N,,,580,2,2,0,0,"Tina Setia,Brianna Buckley"
Vinyl Leggings,"Black, Medium",Z721944,,,580,2,2,0,0,Tina Setia
Vinyl Leggings,"Black, Large",804935V,,,580,2,2,0,0,Tina Setia
Ways to show empathy crewneck,"charcoal, S/M",V897505,,,5400,2,2,0,0,Brianna Buckley
We The Free Lotus Jeans,27,W674837,,,5800,2,2,0,0,Nicole Galella
Wesley Thermal Top,"BLACK, Small",G192580,,,3500,2,2,0,0,Brianna Buckley
White Lace Detail Ruffle Tank,"Medium, White",6212162,,,1850,2,2,0,0,Nicole Galella
white woven button down,"White, Small",V024150,,,800,2,2,0,0,Nicole Galella
white woven button down,"White, Medium",2238927,,,800,2,2,0,0,Nicole Galella
Wide-Leg Metallic Cargo Pants,"Silver, Medium",9548481,,,2333,2,2,0,0,Brianna Buckley
Wide-Leg Metallic Cargo Pants,"Silver, Small",331518M,,,2333,2,2,0,0,Brianna Buckley
Xyz Recycled Turtleneck Bodysuit,"Black, XS/S",287037E,,,3100,2,2,0,0,Nicole Galella
Xyz Recycled Turtleneck Bodysuit,"Black, M/L",4841713,,,3100,2,2,0,0,Nicole Galella
"""GG"" Straw Fedora Hat",BLACK,Z540906,,,750,1,1,0,0,Nicole Galella
"""Ground Control"" Vegan Leather Jumpsuit","Large, BLACK",1638624,,,2775,1,1,0,0,Nicole Galella
"""Gucci"" Crossbody Bag",N/A,364076Q,,,4800,2,1,-1,-4800,Brianna Buckley
"""GUCCI"" MINI BAG",ASSORT O/S,12767,,,2700,2,1,-1,-2700,Brianna Buckley
"""Gucci"" Stockings",N/A,C283186,,,3000,1,1,0,0,Brianna Buckley
"""Weekend"" Jaquard Tunic Sweater","BLUE, Large",346723N,,,2400,1,1,0,0,Nicole Galella
$25 Vintage Tees,Assorted,7301343,,,1250,2,1,-1,-1250,Patricia Guelli
3/4 Sleeve batwing blouse,"Hot Magenta, Medium",747076P,,,1525,1,1,0,0,Brianna Buckley
Adella Bodysuit,"Black, Large",14062,,,,1,1,0,,Nicole Galella
ALICE IN WONDERLAND CURIOUSER VINTAGE TEE,"Black, Small",1281186,,,1330,1,1,0,0,Patricia Guelli
All Tied Up Top,"Hot Combo, Medium",7021843,,,2600,1,1,0,0,Brianna Buckley
Animal Print Wide Leg Flare Pant,"Leopard, Medium",2806345,,,1325,1,1,0,0,Brianna Buckley
Aria Trapeze Long-Sleeve,"Purple, Extra small",233544F,,,3100,1,1,0,0,Nicole Galella
Ashley Seamed Cotton Tank Top,"White, Medium",865562N,,,3100,1,1,0,0,Nicole Galella
Ashton Zip Thermal,"CHARCOAL, Medium",E386191,,,4400,1,1,0,0,Brianna Buckley
ASSORTED VINTAGE TIE DYE TEES,MULTI O/S,10762,,,2400,1,1,0,0,Brianna Buckley
Aztec Wide Leg Flare Pant,"navy/stone, Medium",9502900,,,1325,1,1,0,0,Brianna Buckley
Aztec Wide Leg Flare Pant,"navy/stone, Extra small",K492493,,,1325,1,1,0,0,Brianna Buckley
Basic Wide Strap Tank,CHARCOAL O/S,10267,,,800,1,1,0,0,Nicole Galella
Basic Wide Strap Tank,IVORY O/S,11568,,,800,1,1,0,0,Nicole Galella
Basic x Long Cami,"stone, ONE SIZE",1640,,,650,0,1,1,650,Nicole Galella
Beaded Evil Eye Slides,"Medium, HEATHER GREY",8483677,,,2200,1,1,0,0,Brianna Buckley
Beatles Pose Fleece Crewneck,"Vintage Black, Extra small",813229G,,,2400,1,1,0,0,Nicole Galella
Beatles We All Live Vintage Tee,"White, Medium",S523627,,,1900,1,1,0,0,Nicole Galella
Bell Sleeve Baseball Tee,"Black/White, Large",Y080845,,,2300,1,1,0,0,Brianna Buckley
Bell Sleeve Baseball Tee,"Black/White, Small",878260H,,,2300,0,1,1,2300,Brianna Buckley
Betty's Garden Top,"Black, Medium",612231N,,,3100,1,1,0,0,Brianna Buckley
Betty's Garden Top,"Black, Large",E065267,,,3100,1,1,0,0,Brianna Buckley
Betty's Garden Top,"Black, Extra small",3796175,,,3100,1,1,0,0,Brianna Buckley
Black & Multicolor Heavy Surfwash Fleece Joggers w/ Graffiti,"Black, Small",829451J,,,2400,1,1,0,0,Nicole Galella
"BLACK W/ HOT PINK ""LOVE"" JACQUARD SWEATER FLARE PANTSBlack w/ Hot Pink ""Love"" Jacquard Sweater Flare Pants","Large, Black",234629K,,,2550,1,1,0,0,Brianna Buckley
"BLACK W/ HOT PINK ""LOVE"" JACQUARD SWEATER FLARE PANTSBlack w/ Hot Pink ""Love"" Jacquard Sweater Flare Pants","Medium, Black",886584L,,,2550,1,1,0,0,Brianna Buckley
"Black w/ Hot Pink ""Love"" Jacquard Sweater Hoodie","Black, Medium",K022744,,,2700,1,1,0,0,Brianna Buckley
"Black w/ Hot Pink ""Love"" Jacquard Sweater Hoodie","Black, Large",9270507,,,2700,1,1,0,0,Brianna Buckley
Bling Velvet Pillows,N/A,L332197,,,3900,2,1,-1,-3900,Brianna Buckley
Blinged out alice and wonderland,"As Shown, Extra Large",9636140,,,4400,1,1,0,0,Brianna Buckley
Blinged Out Beatles Fleece,Small,782412N,,,4000,1,1,0,0,Nicole Galella
Blinged out Ford Tee,"As Shown, Small",J114931,,,3100,1,1,0,0,Patricia Guelli
Blinged Out Mickey Fleece,Small,2253045,,,4000,1,1,0,0,Nicole Galella
Blinged Out NY Yankees Hoodie,"As Shown, M/L",819846N,,,4400,1,1,0,0,Patricia Guelli
Blondie - NYC 2009 Raglan,Small,207079J,,,1500,1,1,0,0,Patricia Guelli
Blondie Bling Rock Tee,"Black, Large",T216310,,,3900,0,1,1,3900,Patricia Guelli
Blondie Boiler Jumpsuit,Small,Z839749,,,7400,1,1,0,0,Patricia Guelli
Blondie Gold Glitter Top,"Medium, VINTAGE BLACK",N841326,,,1800,1,1,0,0,Nicole Galella
Blondie Gold Glitter Top,"Large, VINTAGE BLACK",283054Q,,,1800,1,1,0,0,Nicole Galella
Bob Marley - One Love Juniors Clay Red Raglan,"Small, As Shown",798915S,,,1500,1,1,0,0,Patricia Guelli
Boho Bliss Ribbed Flare Pants,"taupe, Small",191978A,,,2300,1,1,0,0,Brianna Buckley
Bowie Bling Tee,"Large, Black",W480914,,,3900,1,1,0,0,Brianna Buckley
Bowie Bling Tee,"Medium, Black",200742G,,,3900,1,1,0,0,Brianna Buckley
Bubblegum Vintage Cropped Barbie Tee,"Black, Large",483640L,,,1200,1,1,0,0,Tina Setia
Bubblegum Vintage Cropped Barbie Tee,"Black, Small",548953G,,,1200,2,1,-1,-1200,Tina Setia
Bubblegum Vintage Unisex Tee,"Black, Medium",4552473,,,1200,1,1,0,0,Tina Setia
Cargo Pants,Assorted,S001397,,,2000,0,1,1,2000,Brianna Buckley
Cargo Pants with Drawstring,"Hot Magenta, Small",6407901,,,2454,1,1,0,0,Brianna Buckley
Cargo Pants with Drawstring,"Hot Magenta, Large",R393871,,,2454,1,1,0,0,Brianna Buckley
Cargo Pants with Drawstring,"Hot Magenta, Medium",7358550,,,2454,1,1,0,0,Brianna Buckley
Carrie Top,"Small, brown",9973396,,,3100,0,1,1,3100,Brianna Buckley
Chanel Floral One Piece Bathing Suit,Large,Z336174,,,2500,1,1,0,0,Nicole Galella
Chanel Print Button Down Top,"Black, S/M",866400T,,,3500,2,1,-1,-3500,Nicole Galella
Chelsea Merrill David Bowie Prayer Candle,ONE SIZE,7665033,,,1160,2,1,-1,-1160,Nicole Galella
Chelsea Merrill Prince Prayer Candle,ONE SIZE,Y631270,,,1160,1,1,0,0,Nicole Galella
Chelsea Merrill Taylor Swift Prayer Candle,ONE SIZE,8780813,,,1160,1,1,0,0,Nicole Galella
Christian Dior Vintage Silk Robe,As Shown,4624669,,,100,1,1,0,0,Nicole Galella
CLASSIC ROCK SOCKS M-CREW SOCKS,N/A,220618V,,,250,2,1,-1,-250,Brianna Buckley
Clean lines cami,"White, M/L",141136D,,,1442,1,1,0,0,Nicole Galella
Collar band blouse,"BLUE, Medium",306574E,,,1475,1,1,0,0,Brianna Buckley
Contrast rib slub tank,"White, Medium",H276338,,,1450,1,1,0,0,Nicole Galella
Criss Cross Back Ruffle Top,IVORY L,12603,,,1600,1,1,0,0,Nicole Galella
Criss Cross Bra,IVORY O/S,12945,,,700,1,1,0,0,Nicole Galella
Crochet Trimmed Mini Dress,"taupe, Large",N257620,,,690,1,1,0,0,Tina Setia
Crop Muscle Tank Top,"WHITE, Small",N039910,,,309,1,1,0,0,Tina Setia
Cropped Heart Tee,"Small, heather grey",7865807,,,1400,1,1,0,0,Brianna Buckley
Crystal Beaded Mesh Top,"ONE SIZE, Camel",897016Q,,,1555,1,1,0,0,Brianna Buckley
Crystal Mesh Dress,"Black, ONE SIZE",G368148,,,2000,1,1,0,0,Brianna Buckley
Crystal Wonder Woman Puffer Vest,"Black, Small",M199874,,,3254,1,1,0,0,Brianna Buckley
Crystal Wonder Woman Puffer Vest,"Black, Large",3974525,,,3254,1,1,0,0,Brianna Buckley
Crystal Wonder Woman Puffer Vest,"Black, Medium",6464718,,,3254,2,1,-1,-3254,Brianna Buckley
Cupro cowl front cami,"Black, Large",148194D,,,1650,1,1,0,0,Nicole Galella
Denim Smiley twill shirting,"Black, Small",T966028,,,2850,1,1,0,0,Brianna Buckley
Denim Smiley twill shirting,"Black, Large",7540896,,,2850,1,1,0,0,Brianna Buckley
Designer Inspired Fanny Packs,ONE SIZE,J648550,,,5280,2,1,-1,-5280,Nicole Galella
Don't Look back top,"denim blue, Medium",C678484,,,3605,1,1,0,0,Brianna Buckley
Don't Look back top,"denim blue, Small",9214263,,,3605,1,1,0,0,Brianna Buckley
Don't Look back top,"denim blue, Extra small",D195431,,,3605,1,1,0,0,Brianna Buckley
Double lined deep v sleeveless bodysuit,"Black, Large",701460B,,,1450,1,1,0,0,Tina Setia
Double Ruffle sleeve blouse,"Hot Magenta, Small",Y852146,,,1600,1,1,0,0,Brianna Buckley
Dreamed Of You Tee,"Small, Teal",Q738801,,,3100,1,1,0,0,Nicole Galella
Dreamed Of You Tee,"Extra small, Teal",502066D,,,3100,1,1,0,0,Nicole Galella
EMBROIDERED SIGNATURE HAT,BLACK O/S,11190,,,2000,1,1,0,0,Brianna Buckley
Everyday Lace Bodysuit,"Black, Extra small",5916040,,,2600,1,1,0,0,Nicole Galella
Everyday Lace Bodysuit,"Black, Large",5228909,,,2600,1,1,0,0,Nicole Galella
Everyday Lace Bodysuit,"Black, Medium",2442526,,,2600,1,1,0,0,Nicole Galella
Everyday Lace Longline,"Large, BLACK",816929Z,,,1400,1,1,0,0,Nicole Galella
Everyday Lace Longline,"Medium, BLACK",695161H,,,1400,1,1,0,0,Nicole Galella
Everyday Lace Longline,"Extra small, BLACK",T892900,,,1400,1,1,0,0,Nicole Galella
Evil Eye Crystal Socks,Black,Z856509,,,800,1,1,0,0,Brianna Buckley
Evil Eye Sherpa Slides,"Evil Eye, Medium",J660253,,,1237,1,1,0,0,Nicole Galella
Evil Eye Sherpa Slides,"Evil Eye, Large",C050462,,,1237,2,1,-1,-1237,Nicole Galella
Eye-O-Eye Embroidered Top,"Medium, White",262710X,,,2400,1,1,0,0,Brianna Buckley
Femmebot Crystal Evil Eye Logo Cropped Tee,"heather grey, Large",138575P,,,2250,1,1,0,0,Brianna Buckley
Femmebot Logo Evil Eye unisex tee,"Medium, Black",183607R,,,1200,2,1,-1,-1200,Patricia Guelli
Femmebot Logo Joggers,"heather grey, Medium",Y403963,,,2200,1,1,0,0,Brianna Buckley
Femmebot Misc,Regular,137187K,,,0,-4,1,5,0,Brianna Buckley
Fleece Blazer with Rhinestones,"Black, Medium",Z769304,,,4000,1,1,0,0,Brianna Buckley
Fleece Crewneck with Twill Tape,"Black/ Grey, Large",W814587,,,2100,1,1,0,0,Nicole Galella
Fleece Jogger with Rhinestones,"Black, Large",337153B,,,2400,1,1,0,0,Brianna Buckley
Fleece Jogger with Twill Tape,"Black/ Grey, Large",T944686,,,2000,1,1,0,0,Nicole Galella
Float On Flare,"Red, 25",9205945,,,3500,1,1,0,0,Nicole Galella
Float On Flare,"27, WHITE",D018678,,,3500,1,1,0,0,Nicole Galella
Floral Print Maxi Dress,"Black, Medium",465221W,,,780,1,1,0,0,Nicole Galella
FP One Colt Thermal,"army green, Large",4144501,,,3100,1,1,0,0,Brianna Buckley
FP One Colt Thermal,"army green, Medium",R556452,,,3100,1,1,0,0,Brianna Buckley
Free People BabyDoll Ski Top,Small,P623601,,,3900,1,1,0,0,Nicole Galella
french terry jogger,"heather grey, Small",305859M,,,699,1,1,0,0,Brianna Buckley
Friendship Love and Truth Cropped Bamboo Kimono Cardigan,"MULTI, ONE SIZE",908233P,,,5200,1,1,0,0,Brianna Buckley
Front Multi Criss Cross Bralette,WHITE O/S,12750,,,1150,1,1,0,0,Nicole Galella
"FUCK OFF, I'M READING W-CREW SOCKS",ONE SIZE,194798E,,,575,1,1,0,0,Brianna Buckley
Full Bloom Layering Top,"Medium, oh bloom",Q293759,,,2200,1,1,0,0,Brianna Buckley
Gallery Dept Sweatsuit,"Black, XS/S",Q911992,,,10000,0,1,1,10000,Brianna Buckley
GD Bear w/ Rose Tee,"Black, Medium",2741972,,,3900,1,1,0,0,Patricia Guelli
GD Bear w/ Rose Tee,"Black, Small",S077560,,,3900,1,1,0,0,Patricia Guelli
GD Bear w/ Rose Tee,"Black, Large",A648955,,,3900,1,1,0,0,Patricia Guelli
GD Purple/Green Skull Tee,"Black, Small",G814717,,,3900,1,1,0,0,Patricia Guelli
GD Purple/Green Skull Tee,"Black, Medium",550872V,,,3900,1,1,0,0,Patricia Guelli
GD Purple/Green Skull Tee,"Black, Large",P705205,,,3900,1,1,0,0,Patricia Guelli
Geo Just Float On Flare,NEUTRAL COMBO 26,12757,,,4400,1,1,0,0,Nicole Galella
Ginger Snap Top,"Black, Small",K431011,,,2600,1,1,0,0,Nicole Galella
Gold Studs Jogger,"Black, Large",228546Z,,,2300,1,1,0,0,Nicole Galella
Gold Studs Shacket,"Black, Large",792664T,,,2700,1,1,0,0,Nicole Galella
Grateful Dead - Smiley Bear Blue Raglan,"As Shown, Small",R395646,,,1500,1,1,0,0,Patricia Guelli
Grateful Dead 1986 Tour Tee,"BASIL, Small",2366075,,,1750,1,1,0,0,Patricia Guelli
Green and Red Accent Straw Fedora Hat,KHAKI,365040V,,,700,1,1,0,0,Nicole Galella
Halter V Neck Brami,"White, Medium",817164X,,,430,2,1,-1,-430,Tina Setia
Halter V Neck Brami,"White, Small",2530251,,,430,1,1,0,0,Tina Setia
Happy Face Sweater,"HEATHER GREY, Large",8408705,,,2650,1,1,0,0,Brianna Buckley
Happy Face Sweater,"HEATHER GREY, Medium",225198X,,,2650,1,1,0,0,Brianna Buckley
Have It All Long-Sleeve,"M/L, ivory",449184K,,,2600,1,1,0,0,Nicole Galella
High Rise Crop Flare,29,P470351,,,2275,1,1,0,0,Tina Setia
High Rise Crop Flare,28,324664A,,,2275,1,1,0,0,Tina Setia
High Rise Crop Flare,24,614063H,,,2275,1,1,0,0,Tina Setia
High Rise Flare,"27, denim blue",Z514272,,,2150,1,1,0,0,Tina Setia
High Rise Flare,"26, denim blue",5054509,,,2150,1,1,0,0,Tina Setia
High Rise Stretch Crop Straight,"27, grey",4765350,,,2550,0,1,1,2550,Tina Setia
High Tide Cable Tank,"Grey, Small",485492E,,,3605,1,1,0,0,Brianna Buckley
"hologram ""down"" bag","N/A, MULTI",240269H,,,3400,1,1,0,0,Brianna Buckley
Hot Shot Onesie,"pink, Medium",528180R,,,3500,1,1,0,0,Brianna Buckley
Hot Shot Onesie,"pink, Small",632728V,,,3500,1,1,0,0,Brianna Buckley
I LOVE MY ASSHOLE KIDS W-CREW SOCKS,N/A,503422G,,,575,1,1,0,0,Brianna Buckley
JIMI HENDRIX CANDLE,PURPLE O/S,11346,,,900,1,1,0,0,Nicole Galella
Joan Jet and the Blackhearts Burnout Tee,"Lilac, Small",3099236,,,2200,1,1,0,0,Patricia Guelli
JOAN JETT CANDLE,MULTI O/S,11341,,,900,1,1,0,0,Nicole Galella
Josie Henley Tank,"Fig Jam, Extra small",230795A,,,2600,1,1,0,0,Nicole Galella
JOURNEY FRONTIERS WORLD TOUR VINTAGE TEE,"Black, Medium",Y234777,,,1330,1,1,0,0,Patricia Guelli
Just Be Fu*king kind sweatshirt,M/L,368624D,,,5400,1,1,0,0,Brianna Buckley
Just Be Fu*king kind sweatshirt,XS/S,729492T,,,5400,1,1,0,0,Brianna Buckley
Just Float On Flare Jeans,"Rich Blue, 28",366298A,,,3500,1,1,0,0,Nicole Galella
Just Float On Flare Jeans,"Rich Blue, 26",153109X,,,3500,1,1,0,0,Nicole Galella
Just Float On Flare Jeans,"Rich Blue, 24",W751029,,,3500,1,1,0,0,Nicole Galella
Just Float On Flare Jericho Blue,JERICHO BLUE 25,11527,,,3500,1,1,0,0,Nicole Galella
Karri Swing Tank,"Hot Magenta, Medium",D638454,,,1700,1,1,0,0,Nicole Galella
Kate Tee,"ivory, Small",755798F,,,1700,1,1,0,0,Nicole Galella
Kate Tee,"ivory, Medium",Y431734,,,1700,1,1,0,0,Nicole Galella
Keep it Simple Mesh Baby Tee,"Midnight Combo, Extra small",7058792,,,1800,1,1,0,0,Nicole Galella
Kiss - My Ass Juniors Raglan,"As Shown, Small",2280365,,,1500,1,1,0,0,Patricia Guelli
Kiss - My Ass Juniors Raglan,"As Shown, Medium",3161333,,,1500,1,1,0,0,Patricia Guelli
Kiss - My Ass Juniors Raglan,"As Shown, Extra Large",9802505,,,1500,1,1,0,0,Patricia Guelli
KISS Graphic One Shoulder Maxi Dress,"As Shown, S/M",G167450,,,1800,1,1,0,0,Brianna Buckley
Lace Beaded Boho Dress,ivory,679694V,,,4800,1,1,0,0,Brianna Buckley
Lace Halter Bralette,"White, S/M",374610B,,,650,3,1,-2,-1300,Nicole Galella
Ladder Strappy Bralette,ICED LATTE O/S,12944,,,850,1,1,0,0,Nicole Galella
Lady Lux Printed Layering Top,"Midnight Combo, Extra small",600630B,,,2200,1,1,0,0,Brianna Buckley
Lady Lux Printed Layering Top,"Vintage Combo, Medium",B965017,,,2200,1,1,0,0,Brianna Buckley
Lady Lux Printed Layering Top,"Vintage Combo, Small",E517549,,,2200,1,1,0,0,Brianna Buckley
Lady Lux Printed Layering Top,"Vintage Combo, Extra small",642179S,,,2200,1,1,0,0,Brianna Buckley
Layla Denim Mini Skirt,"light wash, 24",1763821,,,3100,1,1,0,0,Brianna Buckley
Leopard Cowl Neck Tank,"Leopard, Large",4196993,,,1825,1,1,0,0,Tina Setia
Leopard Print Drawstring Lux Pants,"grey stone, Extra Large",3021215,,,1826,1,1,0,0,Tina Setia
Lizzy Long Sleeve,"Extra small, BLACK",233035R,,,3500,1,1,0,0,Nicole Galella
Lotus Jeans,"Oat, 26",570558E,,,5800,1,1,0,0,Brianna Buckley
Lotus Jeans,"Oat, 29",W006642,,,5800,1,1,0,0,Brianna Buckley
Lotus Jeans,"Oat, 25",H814519,,,5800,1,1,0,0,Brianna Buckley
Lotus Jeans,"Smoke Show, 30",A182160,,,5800,1,1,0,0,Nicole Galella
Lotus Jeans,"Smoke Show, 29",279376Z,,,5800,1,1,0,0,Nicole Galella
Lotus Jeans,"Smoke Show, 28",379605S,,,5800,1,1,0,0,Nicole Galella
Lotus Jeans,"Smoke Show, 26",A056190,,,5800,1,1,0,0,Nicole Galella
Lula Top,"BLACK, Extra small",711308A,,,4000,1,1,0,0,Nicole Galella
Luminary Prince Altar Candle,ONE SIZE,3062363,,,1095,1,1,0,0,Nicole Galella
Lurex Gold Boho Dress,gold,7462627,,,2800,1,1,0,0,Brianna Buckley
LV All Over Print Bikini,"Black, Large",L146531,,,2500,1,1,0,0,Nicole Galella
Magic Hour Legging,"Extra small, Midnight Combo",799954T,,,2600,1,1,0,0,Nicole Galella
Mandala Duster,ONE SIZE,M658501,,,1663,1,1,0,0,Nicole Galella
Marble Print Wide Leg Flare Pant,"brown, Medium",976185E,,,1325,1,1,0,0,Brianna Buckley
Meg Seamless Crop,"M/L, Etherea",4435195,,,1400,1,1,0,0,Brianna Buckley
Meg Seamless Crop,"S/M, Etherea",727576K,,,1400,1,1,0,0,Brianna Buckley
Metal Print Leggings,Small,X550640,,,796,1,1,0,0,Tina Setia
Metallic Skinny Pants,"Black, 7",G246388,,,2200,1,1,0,0,Nicole Galella
Metallic Skinny Pants,"Black, 9",3372414,,,2200,1,1,0,0,Nicole Galella
Metallic Skinny Pants,"Black, 1",4183756,,,2200,1,1,0,0,Nicole Galella
Mickey Mouse Fleece,"Blue Steel, Large",Y517142,,,1680,1,1,0,0,Nicole Galella
Mid Rise Distressed Hem Crop Skinny,"Medium Wash, 29",W227628,,,2150,1,1,0,0,Tina Setia
Mid Rise Distressed Hem Crop Skinny,"Medium Wash, 27",D588822,,,2150,1,1,0,0,Tina Setia
Mid Rise Raw Hem Crop Skinny,"dark wash, 29",H976957,,,2175,1,1,0,0,Tina Setia
Mid Rise Raw Hem Crop Skinny,"dark wash, 28",560112B,,,2175,1,1,0,0,Tina Setia
Mid Rise Raw Hem Crop Skinny,"dark wash, 26",160262V,,,2175,1,1,0,0,Tina Setia
Mid Rise Raw Hem Crop Skinny,"dark wash, 24",A225949,,,2175,1,1,0,0,Tina Setia
Mid Rise Skinny,"Black, 30",2164336,,,1850,1,1,0,0,Tina Setia
Mid Rise Skinny,"Black, 25",M113273,,,1850,1,1,0,0,Tina Setia
Mini Cami Dress,"Black, Medium",9274904,,,689,1,1,0,0,Tina Setia
Mini Cami Dress,"Black, Large",Y072600,,,689,1,1,0,0,Tina Setia
Moxie Pull-On Barrel Jeans,"White, 28",976006D,,,6800,1,1,0,0,Nicole Galella
Moxie Pull-On Barrel Jeans,"White, 27",4195006,,,6800,1,1,0,0,Nicole Galella
Moxie Pull-On Barrel Jeans,"White, 26",Z860416,,,6800,1,1,0,0,Nicole Galella
MY CAT IS COOL AS FUCK W-CREW SOCKS,N/A,E448144,,,575,1,1,0,0,Brianna Buckley
Nirvana Angel Mineral Wash Unisex Tee,Extra Large,894693K,,,1100,1,1,0,0,Patricia Guelli
No Show Plunge Bralette,"Black, M/L",240912D,,,1400,3,1,-2,-2800,Brianna Buckley
Non Adhesive Nipple Cover,NUDE O/S,13168,,,225,1,1,0,0,Brianna Buckley
On The Dot Layering Top,"Medium, BLACK",K404811,,,1800,1,1,0,0,Brianna Buckley
On The Dot Layering Top,"Extra small, BLACK",5775546,,,1800,1,1,0,0,Brianna Buckley
On The Dot Layering Top,"Extra small, Teal",9635157,,,1800,1,1,0,0,Nicole Galella
On The Road Twisted Tee,"Black, Extra small",4603760,,,3500,1,1,0,0,Nicole Galella
On The Road Twisted Tee,"Black, Small",N879887,,,3500,1,1,0,0,Nicole Galella
On The Road Twisted Tee,"Black, Medium",579222R,,,3500,1,1,0,0,Nicole Galella
OOAK Chain Back Vintage Tops,"ONE SIZE, Vintage 1",G504689,,,3900,-2,1,3,11700,Patricia Guelli
Open Back Embroidered Maxi Dress,"Medium, PLUM",X410287,,,3030,1,1,0,0,Nicole Galella
Oversized S/S Tee,"White, Small",1338010,,,409,1,1,0,0,Tina Setia
Oversized S/S Tee,"White, Large",462437F,,,409,2,1,-1,-409,Tina Setia
Oversized Short Sleeve Tee,"Grey, Large",5631221,,,389,1,1,0,0,Tina Setia
Panel Patchwork High Rise Super Flare,"26, TAKE IT EASY",F247106,,,2600,1,1,0,0,Nicole Galella
Panel Patchwork High Rise Super Flare,"27, TAKE IT EASY",6702948,,,2600,1,1,0,0,Nicole Galella
Pastel Tie Dye Shorts,TIE DYE M,11945,,,2400,1,1,0,0,Tina Setia
Pastel Tie Dye Shorts,TIE DYE L,11946,,,2400,1,1,0,0,Tina Setia
Perfect Day Mini Dress,"Extra small, Teal",3824692,,,4900,1,1,0,0,Nicole Galella
Perfect Day Mini Dress,"Small, Teal",T078384,,,4900,1,1,0,0,Nicole Galella
Pink Bling Skull Crew Neck,Medium,A595228,,,5175,1,1,0,0,Nicole Galella
Printed Woven Jumpsuit,"MULTI, Medium",650834N,,,3075,1,1,0,0,Nicole Galella
Puff Sleeve 3D Crochet Fabric Mini Dress,"White, Large",158207K,,,3500,1,1,0,0,Nicole Galella
Puff Sleeve 3D Crochet Fabric Mini Dress,"White, Small",H319707,,,3500,1,1,0,0,Nicole Galella
Puff Sleeve 3D Crochet Fabric Mini Dress,"Black, Small",5496432,,,3500,1,1,0,0,Nicole Galella
Rainbow Burst Bear Tee,"Black, Medium",L527211,,,3900,1,1,0,0,Patricia Guelli
Rainbow Burst Bear Tee,"Black, Large",4017415,,,3900,1,1,0,0,Patricia Guelli
Rainbow Stealie Tee,"Black, Small",G293230,,,3900,1,1,0,0,Patricia Guelli
Rainbow Stealie Tee,"Black, Medium",G032690,,,3900,1,1,0,0,Patricia Guelli
Rainbow Stealie Tee,"Black, Large",P203549,,,3900,1,1,0,0,Patricia Guelli
READY OR NOT BODYSUIT,BLACK M,13753,,,2600,1,1,0,0,Nicole Galella
Retired 70's Pornstar Retro T-Shirt,"Medium, mauve",R758087,,,1400,1,1,0,0,Nicole Galella
Retired 70's Pornstar Retro T-Shirt,"Small, ivory",H399042,,,1400,1,1,0,0,Nicole Galella
Retired 70's Pornstar Retro T-Shirt,"Medium, ivory",V209517,,,1400,1,1,0,0,Nicole Galella
Retired 70's Pornstar Retro T-Shirt,"Extra small, mauve",744074M,,,1400,1,1,0,0,Nicole Galella
RHINESTONE SIDE STRIPE CRINKLE JOGGER,"ARMY, Large",S332262,,,3075,1,1,0,0,Brianna Buckley
RHINESTONE SIDE STRIPE CRINKLE JOGGER,"ARMY, Medium",7007934,,,3075,1,1,0,0,Brianna Buckley
RHINESTONE SIDE STRIPE CRINKLE JOGGER,"ARMY, Small",4390605,,,3075,1,1,0,0,Brianna Buckley
Rock Your World Tank,"Teal, Extra small",209535R,,,1700,1,1,0,0,Nicole Galella
Rolling Stones Bling Tee,"Black, Large",4616885,,,3900,1,1,0,0,Brianna Buckley
Rolling Stones Sequin Jogger Set,"BLACK, Small",C565218,,,6400,1,1,0,0,Nicole Galella
Rolling Stones Sequin Jogger Set,"BLACK, Medium",Z241886,,,6400,1,1,0,0,Nicole Galella
Ruffles Romance Jacket,"Small, SALT",881835Z,,,7600,1,1,0,0,Brianna Buckley
Ruffles Romance Jacket,"Extra small, Teal",1533724,,,7600,1,1,0,0,Brianna Buckley
Satin Button Down Shirt,"White, Large",T602368,,,804,1,1,0,0,Nicole Galella
Saturn Tee,"BLACK, Extra small",B127433,,,2600,1,1,0,0,Brianna Buckley
SEAMLESS SCOOP NECK TANK TOP,BLACK O/S,13827,,,800,0,1,1,800,Brianna Buckley
Sesame Street - Jamaican Juniors Raglan,"As Shown, Large",A204921,,,1500,1,1,0,0,Patricia Guelli
Sesame Street - Jamaican Juniors Raglan,"As Shown, Medium",E062304,,,1500,1,1,0,0,Patricia Guelli
Sesame Street - Jamaican Juniors Raglan,"As Shown, Small",J520314,,,1500,1,1,0,0,Patricia Guelli
SHAPERX Long Sleeve Bodysuit Tops Crew Neck Thong Body Shape,"Black, Extra small",B189132,,,1799,1,1,0,0,Nicole Galella
SHAPERX Short Sleeve Bodysuit Crew Neck Thong Body Shape,"black, Medium",8572893,,,1799,1,1,0,0,Brianna Buckley
SHAPERX Short Sleeve Bodysuit Crew Neck Thong Body Shape,"pink, Extra small",852740R,,,1799,1,1,0,0,Brianna Buckley
SHAPERX Sleeveless Scoop Neck Thong Bodysuit,"Cocoa, Small",K247841,,,1699,1,1,0,0,Brianna Buckley
SHAPERX Sleeveless Scoop Neck Thong Bodysuit,"Cocoa, Large",P128558,,,1699,1,1,0,0,Nicole Galella
SHAPERX Sleeveless Scoop Neck Thong Bodysuit,"Cocoa, Medium",6515104,,,1699,1,1,0,0,Nicole Galella
SHAPERX Tummy Control Shapewear Seamless Thong Bodysuit,"XS/S, Beige",H512736,,,1899,1,1,0,0,Nicole Galella
SHAPERX Tummy Control Shapewear Seamless Thong Bodysuit,"S/M, Beige",8926593,,,1899,1,1,0,0,Nicole Galella
SHAPERX Tummy Control Shapewear Seamless Thong Bodysuit,"L/XL, Beige",8033273,,,1899,1,1,0,0,Nicole Galella
SHAPERX Tummy Control Shapewear Seamless Thong Bodysuit,"XS/S, Umber",915407P,,,1899,1,1,0,0,Nicole Galella
SHAPERX Tummy Control Shapewear Seamless Thong Bodysuit,"L/XL, Umber",5438471,,,1899,1,1,0,0,Nicole Galella
Sherpa Lined French Terry Zip Up Vest,"heather grey, Small",W066795,,,704,1,1,0,0,Brianna Buckley
Shirred Gathered Detail satin tank,"Black, Large",705997F,,,1275,1,1,0,0,Nicole Galella
Show Me Your Pitties T-shirt,Medium,M463508,,,1450,1,1,0,0,Patricia Guelli
Show Me Your Pitties T-shirt,Extra small,P328801,,,1450,1,1,0,0,Patricia Guelli
Silicone adhesive bra,B,J141806,,,550,1,1,0,0,Brianna Buckley
Skinni Belt,GREY S,10277,,,800,1,1,0,0,Brianna Buckley
Skinni Belt,BLUE M,13607,,,800,-2,1,3,2400,Brianna Buckley
Skinni Belt,NUDE S,10274,,,800,1,1,0,0,Brianna Buckley
Skinni Belt,NUDE M,10275,,,800,0,1,1,800,Brianna Buckley
Skinni Belt,BLACK L,10270,,,800,-1,1,2,1600,Brianna Buckley
Skinni Belt,WHITE M,12126,,,800,2,1,-1,-800,Brianna Buckley
Skinni Belt,BLUE S,13606,,,800,-4,1,5,4000,Brianna Buckley
Skinni Belt,GREY M,10278,,,800,1,1,0,0,Brianna Buckley
Skinni Belt,NUDE L,10276,,,800,0,1,1,800,Brianna Buckley
Skinni Belt,DENIM BLUE S,10271,,,800,1,1,0,0,Brianna Buckley
Skinni Belt,GREY L,10279,,,800,0,1,1,800,Brianna Buckley
Soli Mini Dress,"Extra small, Midnight Combo",3403942,,,5800,1,1,0,0,Nicole Galella
Solid Halter Neck Texture Crepe Jumpsuit,"Hot Pink, Large",C874905,,,2675,1,1,0,0,Nicole Galella
Solid Halter Neck Texture Crepe Jumpsuit,"Hot Pink, Medium",R817219,,,2675,0,1,1,2675,Nicole Galella
Sonny & Cher Bling Tee,Small,J678724,,,2600,1,1,0,0,Patricia Guelli
Special Edition Yankees Tops,As Shown,2984160,,,4400,1,1,0,0,Patricia Guelli
Star Studded Side Trim Crinkle Pant,"White, Large",611192W,,,3175,1,1,0,0,Brianna Buckley
Stealie Face Bling Tee,"Black, Large",526838J,,,3900,1,1,0,0,Brianna Buckley
Stella Contrast stitching sweater,"pink, Large",L580565,,,2016,1,1,0,0,Nicole Galella
Stella Contrast stitching sweater,"pink, Medium",4340521,,,2016,1,1,0,0,Nicole Galella
Stevie Nicks Bling Tee,"Black, Large",2086356,,,3900,1,1,0,0,Brianna Buckley
Stevie Nicks Bling Tee,"Black, Small",K114386,,,3900,1,1,0,0,Brianna Buckley
Stevie Nicks Up Cycled Flannel,Vintage 2,G249269,,,4400,1,1,0,0,Patricia Guelli
Stevie Nicks Up Cycled Flannel,Vintage 1,315358S,,,4400,1,1,0,0,Patricia Guelli
Stretch High Rise Midi Denim Shorts,"light wash, Extra small",815058W,,,1750,2,1,-1,-1750,Brianna Buckley
Stuck on you Cuff,"Black, Medium",Z428096,,,2678,1,1,0,0,Brianna Buckley
Stuck on you Cuff,"Black, Small",9728727,,,2678,1,1,0,0,Brianna Buckley
SUGAR SKULL BAG,ASSORT O/S,C10131,,,2200,-3,1,4,8800,Nicole Galella
Sun Records X Elvis Presley King Tee,"CHARCOAL, Small",104780R,,,2300,1,1,0,0,Brianna Buckley
Sun Records X Elvis Presley King Tee,"CHARCOAL, Extra small",2563135,,,2300,1,1,0,0,Patricia Guelli
Sunny Days Ahead Tee,"Black, Large",456547K,,,1700,1,1,0,0,Nicole Galella
Support Live Music,"Unisex, Extra Large, BLACK",T766093,,,2600,1,1,0,0,Nicole Galella
Support Live Music,"Cropped, Extra small, BLACK",Q921141,,,2600,1,1,0,0,Patricia Guelli
Support Live Music,"Cropped, Medium, BLACK",P067046,,,2600,1,1,0,0,Nicole Galella
Support Live Music,"Unisex, Extra small, BLACK",5936070,,,2600,1,1,0,0,Nicole Galella
Surged Concert Tees,"N/A, Assorted",Q301157,,,3100,3,1,-2,-6200,Brianna Buckley
Sweet And Salty Tee,"Black, Extra small",6570088,,,2200,1,1,0,0,Nicole Galella
Sweet And Salty Tee,"White, Small",M552419,,,2200,1,1,0,0,Nicole Galella
Sweet And Salty Tee,"White, Extra small",444023P,,,2200,1,1,0,0,Nicole Galella
Swiss Dot Lace Cami,"Burgundy, Large",9592192,,,875,1,1,0,0,Tina Setia
tie dye velvet bellbottoms,As Shown,P356986,,,1200,0,1,1,1200,Brianna Buckley
Tie Front Kimono Cardigan,"olive, Large",9613983,,,1450,1,1,0,0,Brianna Buckley
Tie Front Kimono Cardigan,"WHITE, Large",506389H,,,1450,1,1,0,0,Nicole Galella
Tie Front Kimono Cardigan,"WHITE, Medium",2613682,,,1450,1,1,0,0,Nicole Galella
Tie Front Kimono Cardigan,"WHITE, Small",6061990,,,1450,1,1,0,0,Nicole Galella
Tie Front Kimono Cardigan,"BLACK, Large",F529050,,,1450,1,1,0,0,Nicole Galella
Tie Front Kimono Cardigan,"BLACK, Small",L045369,,,1450,1,1,0,0,Nicole Galella
Tinkerbell - Stars Juniors Raglan,"Medium, WHITE",V924254,,,1500,1,1,0,0,Patricia Guelli
Two-Fer Layered Jacket,"Heather Grey/Olive, Large",492551C,,,5000,1,1,0,0,Nicole Galella
Unapologetic Long Sleeve Tee,"Medium, Black",6316704,,,2200,1,1,0,0,Brianna Buckley
Unapologetic Long Sleeve Tee,"Small, Black",W531143,,,2200,1,1,0,0,Brianna Buckley
Unapologetic Long Sleeve Tee,"Extra small, Black",3178816,,,2200,1,1,0,0,Brianna Buckley
Unisex Heart Sweatpants,"Large, heather grey",776384H,,,2200,1,1,0,0,Brianna Buckley
Unisex Heart Sweatpants,"Medium, heather grey",4972860,,,2200,1,1,0,0,Brianna Buckley
upcycled OOAK Beatles Crochet Halter Tunic Top,As Shown,M303167,,,3900,1,1,0,0,Patricia Guelli
upcycled OOAK Beatles Oversized Poncho,As Shown,F631921,,,3900,1,1,0,0,Patricia Guelli
upcycled OOAK Britney Spears Puff Sleeve Top,As Shown,G872835,,,3900,1,1,0,0,Patricia Guelli
upcycled OOAK Clemson Crochet Halter Top,As Shown,J592861,,,3900,1,1,0,0,Patricia Guelli
upcycled OOAK prince crochet back tank crop top,As Shown,3278472,,,4400,1,1,0,0,Patricia Guelli
upcycled Rolling Stones Crochet Strap Halter Tunic Top,As Shown,484824L,,,3700,1,1,0,0,Patricia Guelli
Upcycled World Tour Flutter Sleeve Top,Assorted,B425765,,,3400,1,1,0,0,Patricia Guelli
Uptown High-Rise Vegan Pants,"Black, 6",511345S,,,4532,1,1,0,0,Brianna Buckley
Uptown High-Rise Vegan Pants,"Black, 4",F874933,,,4532,1,1,0,0,Brianna Buckley
V Neck Ribbed Sleeveless Crop Top,"ONE SIZE, COGNAC",K977697,,,950,-1,1,2,1900,Brianna Buckley
V Neckline Satin Top with Self Bands Sleeves,"Teal, Medium",D841459,,,1525,1,1,0,0,Brianna Buckley
Va Va Voop Bodysuit,"Black, Extra small",P693364,,,3100,1,1,0,0,Nicole Galella
Va Va Voop Bodysuit,"Black, Small",F143687,,,3100,1,1,0,0,Nicole Galella
Vegan Leather Cropped Puffer Vest,"Black, Large",2308292,,,1055,2,1,-1,-1055,Nicole Galella
Vegetarian Weed Leaf Tee,"Small, mint",Z321880,,,1400,1,1,0,0,Patricia Guelli
Venice Beach Flare Jeans,"Black, 25",8361731,,,4000,1,1,0,0,Brianna Buckley
Venice Beach Flare Jeans,"Black, 28",F209986,,,4000,1,1,0,0,Nicole Galella
Venice Beach Flare Jeans,"Black, 27",156921Y,,,4000,1,1,0,0,Nicole Galella
Venice Beach Flare Jeans,"Assorted, 26",738846L,,,4900,1,1,0,0,Nicole Galella
Venice Beach Flare Jeans,"Assorted, 25",784150B,,,4900,1,1,0,0,Nicole Galella
Vernon Mini Dress,"Medium, Blue Combo",9930275,,,5800,1,1,0,0,Brianna Buckley
Vernon Mini Dress,"Small, Blue Combo",F806387,,,5800,1,1,0,0,Brianna Buckley
Vertical Patchwork Raw Hem Jean,30,Z409732,,,2575,1,1,0,0,Tina Setia
Vertical Patchwork Raw Hem Jean,27,1565800,,,2575,1,1,0,0,Tina Setia
VVT CAMO124,ASSORT O/S,12966,,,6200,-8,1,9,55800,Patricia Guelli
VVTFLANNEL98,N/A,112313Y,,,4900,2,1,-1,-4900,Brianna Buckley
VVTspecial168,N/A,735784X,,,8400,1,1,0,0,Brianna Buckley
Ways to show empathy crewneck,"charcoal, M/L",J650029,,,5400,1,1,0,0,Brianna Buckley
Ways to show empathy crewneck,"charcoal, XS/S",K627422,,,5400,1,1,0,0,Brianna Buckley
ways to show empathy sweatpants,"charcoal, M/L",120620H,,,4900,1,1,0,0,Brianna Buckley
ways to show empathy sweatpants,"charcoal, S/M",D515327,,,4900,1,1,0,0,Brianna Buckley
ways to show empathy sweatpants,"charcoal, XS/S",593531E,,,4900,1,1,0,0,Brianna Buckley
We The Free Lotus Jeans,30,R688184,,,5800,1,1,0,0,Nicole Galella
We The Free Lotus Jeans,29,Z103272,,,5800,1,1,0,0,Nicole Galella
We The Free Lotus Jeans,28,936665H,,,5800,1,1,0,0,Nicole Galella
Wesley Thermal Top,"Shaded Lake, Extra small",1690340,,,3500,1,1,0,0,Brianna Buckley
White Lace Detail Ruffle Tank,"Small, White",G728227,,,1850,1,1,0,0,Nicole Galella
white woven button down,"White, Large",616162L,,,800,1,1,0,0,Nicole Galella
Wide-Leg Metallic Cargo Pants,"Silver, Large",280846F,,,2333,1,1,0,0,Brianna Buckley
Women's Wonder Woman Throwback Vintage Tee,BUTTERNUT S,13817,,,1615,1,1,0,0,Patricia Guelli
WOODEN HANDLE MANDALA BAG,MULTI O/S,11459,,,3500,1,1,0,0,Brianna Buckley
WW Bombshell S/S Raglan,"Medium, As Shown",5437348,,,1500,1,1,0,0,Patricia Guelli
Youthquake Crop Flare,"light wash, 29",14058,,,3500,1,1,0,0,Brianna Buckley
Surged Concert Tees,"N/A, Assorted",Q301157,,,3100,3,2,-1,-3100,Patricia Guelli
Stevie Nicks Crown Unisex Tee,"Small, Black",6653284,,,1200,1,4,3,3600,Patricia Guelli
Slub v neck short sleeve top,"Medium, ivory",7952698,,,1450,2,3,1,1450,Patricia Guelli
Star Night Wide Jeans,"Black, 3",159784K,,,3625,3,3,0,0,Patricia Guelli
Blue Evil Eye Beaded Clutch,Silver,W284678,,,1700,2,2,0,0,Patricia Guelli
Crystal Slub Knit Cardigan,"NAVY, Small",5211943,,,2759,2,2,0,0,Patricia Guelli
Crystal Slub Knit Cardigan,"NAVY, Medium",6224376,,,2759,2,2,0,0,Patricia Guelli
Evil Eye Printed Crossbody,Evil Eye,567972T,,,900,2,2,0,0,Patricia Guelli
Grateful Dead Crewneck Sweatshirt,"ivory, Large",697135D,,,2400,2,2,0,0,Patricia Guelli
Palm Evil Eye Printed Wallet,Blue Steel,F641086,,,900,2,2,0,0,Patricia Guelli
Slub v neck short sleeve top,"Small, ivory",H028736,,,1450,2,2,0,0,Patricia Guelli
Slub v neck short sleeve top,"Medium, brown",744599Y,,,1450,2,2,0,0,Patricia Guelli
Slub v neck short sleeve top,"Large, taupe",3367524,,,1450,2,2,0,0,Patricia Guelli
Slub v neck short sleeve top,"Medium, taupe",101082M,,,1450,2,2,0,0,Patricia Guelli
Stevie Nicks Crown Cropped Tee,"Small, Black",182511W,,,1200,2,2,0,0,Patricia Guelli
Stevie Nicks Crown Unisex Tee,"Medium, Black",781390L,,,1200,0,2,2,2400,Patricia Guelli
Blondie Bling Rock Tee,"Black, Medium",Y806790,,,3900,3,1,-2,-7800,Patricia Guelli
Clean lines cami,"White, XS/S",D068417,,,1442,4,1,-3,-4326,Patricia Guelli
cruelty free DOUBLE LAYOR EMBELLISHED STAR RIDER JACKET,"Black, XXL",5535234,,,4550,1,1,0,0,Patricia Guelli
cruelty free DOUBLE LAYOR EMBELLISHED STAR RIDER JACKET,"Black, Extra Large",3255129,,,4550,1,1,0,0,Patricia Guelli
cruelty free DOUBLE LAYOR EMBELLISHED STAR RIDER JACKET,"Black, Large",644757E,,,4550,1,1,0,0,Patricia Guelli
cruelty free DOUBLE LAYOR EMBELLISHED STAR RIDER JACKET,"Black, Small",N807125,,,4550,1,1,0,0,Patricia Guelli
Crystal Slub Knit Cardigan,"NAVY, Large",E855440,,,2759,1,1,0,0,Patricia Guelli
Dream Hat,"ONE SIZE, beige",D144139,,,2100,3,1,-2,-4200,Patricia Guelli
Evil Eye Clutch,As Shown,753719N,,,1169,1,1,0,0,Patricia Guelli
Evil Eye Printed Wallet,Evil Eye,9539578,,,900,1,1,0,0,Patricia Guelli
Grateful Dead Crewneck Sweatshirt,"ivory, Medium",7778731,,,2400,1,1,0,0,Patricia Guelli
Grateful Dead Crewneck Sweatshirt,"ivory, Small",A653418,,,2400,1,1,0,0,Patricia Guelli
High Rise Ankle Straight,"WHITE, 26",8896915,,,2364,1,1,0,0,Patricia Guelli
High Rise Releaseed Hem Crop Straight,27,N867353,,,2775,2,1,-1,-2775,Patricia Guelli
Layla Vegan Mini Skirt,"Black, 8",942765F,,,3500,1,1,0,0,Patricia Guelli
Layla Vegan Mini Skirt,"Black, 6",L609695,,,3500,1,1,0,0,Patricia Guelli
Layla Vegan Mini Skirt,"Black, 4",K495072,,,3500,1,1,0,0,Patricia Guelli
Layla Vegan Mini Skirt,"Black, 0",B869505,,,3500,1,1,0,0,Patricia Guelli
Layla Vegan Mini Skirt,"Black, 2",518228N,,,3500,1,1,0,0,Patricia Guelli
MID RISE DISTRESSED RAW HEM CROP SKINNY,"25, ALLY",R610849,,,2550,0,1,1,2550,Patricia Guelli
Slub v neck short sleeve top,"Small, brown",G983856,,,1450,1,1,0,0,Patricia Guelli
Slub v neck short sleeve top,"Small, taupe",932922D,,,1450,1,1,0,0,Patricia Guelli
Star Night Wide Jeans,"Black, 7",S288775,,,3625,1,1,0,0,Patricia Guelli
Star Night Wide Jeans,"Black, 5",5797507,,,3625,1,1,0,0,Patricia Guelli
Stevie Nicks Crown Cropped Tee,"Medium, Black",7025111,,,1200,1,1,0,0,Patricia Guelli
Stevie Nicks Crown Unisex Tee,"Large, Black",530281S,,,1200,0,1,1,1200,Patricia Guelli
Tahiti Cargo Pants,"washed black, Extra small",244065W,,,6200,1,1,0,0,Patricia Guelli
Vegan Leather Cropped Puffer Vest,"Black, Medium",511367N,,,1055,2,1,-1,-1055,Patricia Guelli
$25 Gift Card,Regular,5140798,,,,-23,25,48,,
$50 Gift Card,Regular,N655082,,,,-29,25,54,,
AP BEADS FOR YOU CUSTOM $$$,Regular,T674557,,,0,9987,25,-9962,0,
AVENUE CHIC CUSTOM AMOUNT $$$,Regular,228748S,,,0,9843,25,-9818,0,
DEELIGHTFUL CUSTOM AMOUNT $$$,Regular,B775528,,,0,9925,25,-9900,0,
GOLD CHUNKY RINGS,ASSORT O/S,13108,,,1300,60,25,-35,-45500,
Misc,Regular,784900Q,,,,-189,25,214,,
SCOTT SCARPELLI CUSTOM AMOUNT $$$,Regular,2419099,,,0,9976,25,-9951,0,
SCOTT SCARPELLI CUSTOM AMOUNT $$$,Regular,D904276,,,0,9999,25,-9974,0,
sidewalk sale jewelry/ avenue chic,ASSORT O/S,12217,,,1500,67,25,-42,-63000,
Time Traveler Custom Amount $$$,Regular,H118352,,,2750,5524,25,-5499,-15122250,
$100 Gift Card,Regular,4004656,,,,-20,15,35,,
Reworked/Upcycled Novelty Tees,"Assorted, ONE SIZE",531448E,,,2600,21,8,-13,-33800,Patricia Guelli
1/2 & 1/2 Fleeshirt,N/A,3020859,,,4400,6,4,-2,-8800,Patricia Guelli
Crochet Button Front Shirt,"White, Small",8296806,,,2700,2,2,0,0,Patricia Guelli
High Rise Shorts W Rolled Cuff,Small,5996187,,,1950,2,2,0,0,Patricia Guelli
St. Patrick's Upcycled Tees,Assorted,798007P,,,1600,-2,2,4,6400,Patricia Guelli
VINTAGE 25,N/A,999767B,,,1250,1,2,1,1250,Patricia Guelli
"""YEEZUS"" OOAK UPCYCLED VINTAGE DENIM JACKET",Large,369609G,,,5900,1,1,0,0,Patricia Guelli
90's Baby Wide Jeans,"27, light wash",X270840,,,2150,1,1,0,0,Patricia Guelli
Alicia Keys Vintage Patch Back Flannel,"Burgundy/Black, L/XL",854562A,,,4400,1,1,0,0,Patricia Guelli
Assorted Pants,N/A,8333074,,,2000,2,1,-1,-2000,Patricia Guelli
Back Cowl Cami with Spaghetti Strap,"BLACK, Small",492131Q,,,1313,1,1,0,0,Patricia Guelli
Baroque Printed Bodysuit,"Black, ONE SIZE",H340857,,,3604,1,1,0,0,Patricia Guelli
BLEACHED CONCERT TEES,ASSORTED O/S,10949,,,2400,4,1,-3,-7200,Patricia Guelli
Bleached Flannels,ASSORTED L,13308,,,2400,2,1,-1,-2400,Patricia Guelli
Bling Game Day Tops,Assorted,J911167,,,3100,2,1,-1,-3100,Patricia Guelli
Blinged Out Upcycled Fleece & Flannels,MULTI,Z017999,,,4400,3,1,-2,-8800,Patricia Guelli
BS16435 RAYON MODAL V NECK SLEEVELESS BODYSUIT.,"Black, Medium",Y731688,,,1418,1,1,0,0,Patricia Guelli
BS16435 RAYON MODAL V NECK SLEEVELESS BODYSUIT.,"Black, Large",N617252,,,1418,1,1,0,0,Patricia Guelli
Butterfly Evil Eye Button Down Top,"Small, Black",Q503204,,,1700,1,1,0,0,Patricia Guelli
Butterfly Evil Eye Button Down Top,"Medium, Black",D760214,,,1700,1,1,0,0,Patricia Guelli
Butterfly Evil Eye Button Down Top,"Large, Black",L595853,,,1700,1,1,0,0,Patricia Guelli
Butterfly Gradient Print Wide Jeans,"Hot Magenta, Medium",E272637,,,3025,1,1,0,0,Patricia Guelli
Cargo Pants,Assorted,S001397,,,2000,0,1,1,2000,Patricia Guelli
Checkered Satin Lingerie Inspired Camisole,"Medium, BLACK",873317K,,,1604,1,1,0,0,Patricia Guelli
Collar Band Blouse,"pink, Medium, Viola",913494H,,,1487,1,1,0,0,Patricia Guelli
Colorblock Crochet Coverup,"Medium, MULTI",386346S,,,1120,1,1,0,0,Patricia Guelli
Colorblock Crochet Coverup,"Small, MULTI",325259W,,,1120,1,1,0,0,Patricia Guelli
COTTON VOILLE FRONT BUTTON TANK,"PEACH, Medium",8497624,,,2200,1,1,0,0,Patricia Guelli
COTTON VOILLE FRONT BUTTON TANK,"PEACH, Large",561403V,,,2200,1,1,0,0,Patricia Guelli
Crochet Pants,"White, Large",G481677,,,2400,1,1,0,0,Patricia Guelli
Cut Out Ruched Rib Top,"Black, Small",6399996,,,2499,1,1,0,0,Patricia Guelli
Distressed Mid Rise Ankle Skinny,"30, WILD WORLD",2571708,,,2650,1,1,0,0,Patricia Guelli
DOUBLE LAYER FLORAL LACE TULE RUFFLE MINI SKIRT,"Black, Small",1618553,,,1550,1,1,0,0,Patricia Guelli
DOUBLE LAYERED SHORT SLEEVE V NECK TOP,"Large, Black",C830858,,,1400,1,1,0,0,Patricia Guelli
Dreamy Tie Dye Lace Trim Cami,"Small, Blue Steel",F874051,,,2104,1,1,0,0,Patricia Guelli
Embellished Sweatshirts,"MULTI, N/A",Y985042,,,3400,1,1,0,0,Patricia Guelli
Exposed Seam Detail Tee,"White, Large",5646913,,,1550,1,1,0,0,Patricia Guelli
Floral Button Front Smock Elastic Waist Maxi Skirt,"pink, Small",251692V,,,2495,1,1,0,0,Patricia Guelli
Harry Styles Kindness Sweatshirt,"CHARCOAL, Large",2629030,,,2400,1,1,0,0,Patricia Guelli
Hi-Lo Petal Printed Maxi Skirt,"Small, mauve",L972717,,,2025,1,1,0,0,Patricia Guelli
High Rise Crop Flare,"28, grey",F919457,,,2250,1,1,0,0,Patricia Guelli
High Rise Crop Skinny Jeans,"White, 29",A638960,,,2050,1,1,0,0,Patricia Guelli
High Rise Crop Skinny Jeans,"White, 24",7340484,,,2050,1,1,0,0,Patricia Guelli
High rise leather legging,"Red, Medium",B058463,,,2000,1,1,0,0,Patricia Guelli
High Rise Releaseed Hem Crop Straight,27,N867353,,,2775,2,1,-1,-2775,Patricia Guelli
High Rise Shorts W Rolled Cuff,Extra small,1601032,,,1950,1,1,0,0,Patricia Guelli
Kimono Cardigan,"BLACK, Small",7680566,,,569,1,1,0,0,Patricia Guelli
Lace Sleeve Sweater,"Large, taupe",345848D,,,2275,1,1,0,0,Patricia Guelli
Long Sleeve  V Neck Tee,"pink, Small",5217198,,,1125,1,1,0,0,Patricia Guelli
Mid Rise Ankle Skinny,"dark wash, 28",F625228,,,1950,1,1,0,0,Patricia Guelli
Mid Rise Ankle Skinny,"dark wash, 30",632797Q,,,1950,1,1,0,0,Patricia Guelli
Mid Rise Crop Skinny,29,L741270,,,2450,0,1,1,2450,Patricia Guelli
Mide Rise Ankle Slim Destroyed Flare,"Blue Shower, 27",6833588,,,2933,1,1,0,0,Patricia Guelli
New York Giants - Ballpark Juniors Premium Jersey T-Shirt,"As Shown, Large",660588H,,,1500,1,1,0,0,Patricia Guelli
Nostalgia Tiered Floral Maxi Skirt,"Extra Large, ivory",633784Y,,,2150,1,1,0,0,Patricia Guelli
Ozzy Osbourne Vintage Up Cycled Flannel,N/A,M793507,,,4400,1,1,0,0,Patricia Guelli
Pack My Bowl Bling Hoodie,"BLACK, Small",6338998,,,3700,1,1,0,0,Patricia Guelli
"Patent Leather ""Commando"" Inspired Leggings","Black, Large",774195Z,,,2283,1,1,0,0,Patricia Guelli
Printed Tie Front Kimono Cardigan,"Black, Medium",643747M,,,1525,1,1,0,0,Patricia Guelli
Ruffled Waist Shorts,"BLACK, Large",459712P,,,1375,1,1,0,0,Patricia Guelli
Ruffled Waist Shorts,"BLACK, Small",G243757,,,1375,1,1,0,0,Patricia Guelli
Ruffled Waist Shorts,"Natural, Small",K632165,,,1375,1,1,0,0,Patricia Guelli
Ruffled Waist Shorts,"Natural, Large",B200217,,,1375,1,1,0,0,Patricia Guelli
Rutgers 1/2 1/2 Flannels,N/A,431723S,,,3900,5,1,-4,-15600,Patricia Guelli
Snoopy Santa Tee,N/A,K498934,,,2100,1,1,0,0,Patricia Guelli
Stretch High Rise Midi Denim Shorts,"light wash, Extra small",815058W,,,1750,2,1,-1,-1750,Patricia Guelli
STRIPE PATTERN PRINT POCKET TRIM CRINKLE JOGGER,"beige, Small",9752615,,,2950,1,1,0,0,Patricia Guelli
Super Soft High Rise Skinny,"black, 30",B906560,,,2218,1,1,0,0,Patricia Guelli
SUPER SOFT HIGH RISE SKINNY,"24, OTHER SIDE",H306343,,,1850,1,1,0,0,Patricia Guelli
SUPER SOFT HIGH RISE SKINNY,"30, OTHER SIDE",219283N,,,1850,1,1,0,0,Patricia Guelli
Surf Tropical Printed Tube Dress,"Assorted, Large",5351934,,,1850,1,1,0,0,Patricia Guelli
Terry Cloth Strapless Romper,"Black, Medium",658527E,,,2100,1,1,0,0,Patricia Guelli
Tiered Maxi Skirt,"Small, Green",K414446,,,2175,1,1,0,0,Patricia Guelli
tulip front tank dress,"blush, Small",5932749,,,1825,1,1,0,0,Patricia Guelli
Tupac Vintage Patch Back Flannel,S/M,L602541,,,4400,1,1,0,0,Patricia Guelli
Upcycled flannel band together,Regular,9906804,,,4900,1,1,0,0,Patricia Guelli
Washed Texture Smocked Tank,"Black, Medium",1887334,,,1750,1,1,0,0,Patricia Guelli
